{
  "K": 4,
  "timestamp": "20260405_044000",
  "algorithm": "CC-MPSO",
  "best_params": {
    "H": 3,
    "pop_size": 31,
    "max_iter": 17,
    "w_start": 0.7780398938812709,
    "w_end": 0.23162699565098618,
    "c1": 1.4633690569183764,
    "c2": 1.7974216068558397,
    "penalty_coef": 1653.2633849152728
  },
  "best_value": 10.486666666666666,
  "best_results": {
    "avg_time_hours": 10.486666666666666,
    "avg_steps": 94.38,
    "detection_rate_5h": 16.0,
    "detection_rate_10h": 54.0,
    "detection_rate_15h": 78.0,
    "detection_rate_20h": 90.0,
    "detection_rate_30h": 100.0,
    "detection_rate_40h": 100.0,
    "all_steps": [
      137,
      49,
      57,
      114,
      144,
      36,
      27,
      53,
      77,
      95,
      56,
      80,
      159,
      87,
      139,
      39,
      130,
      28,
      210,
      87,
      57,
      204,
      99,
      120,
      131,
      70,
      69,
      25,
      191,
      30,
      122,
      100,
      56,
      91,
      107,
      139,
      118,
      81,
      45,
      214,
      133,
      58,
      39,
      30,
      71,
      47,
      49,
      145,
      74,
      200
    ]
  }
}