{
  "params": {
    "pop_size": 30,
    "max_iter": 80,
    "penalty_coef": 1000,
    "coop_gap": 5,
    "w_end": 0.4
  },
  "target_sims": 250,
  "avg_time_hours": 10.307555555555554,
  "std_time_hours": 6.454507637264532,
  "rate_within_10h": 60.8,
  "rate_within_40h": 99.6
}