{
  "params": {
    "pop_size": 30,
    "max_iter": 120,
    "penalty_coef": 1000,
    "coop_gap": 5,
    "w_end": 0.4
  },
  "target_sims": 250,
  "avg_time_hours": 9.53111111111111,
  "std_time_hours": 4.941519234575437,
  "rate_within_10h": 65.2,
  "rate_within_40h": 100.0
}