{
  "params": {
    "pop_size": 30,
    "max_iter": 80,
    "penalty_coef": 500,
    "coop_gap": 5,
    "w_end": 0.4
  },
  "target_sims": 50,
  "avg_time_hours": 10.815555555555555,
  "std_time_hours": 7.1024812218106455,
  "rate_within_10h": 57.99999999999999,
  "rate_within_40h": 100.0
}