{
  "params": {
    "pop_size": 15,
    "max_iter": 80,
    "penalty_coef": 1000,
    "coop_gap": 5,
    "w_end": 0.4
  },
  "target_sims": 50,
  "avg_time_hours": 11.34222222222222,
  "std_time_hours": 6.428979144429243,
  "rate_within_10h": 54.0,
  "rate_within_40h": 100.0
}