{
  "params": {
    "pop_size": 15,
    "max_iter": 120,
    "penalty_coef": 1000,
    "coop_gap": 5,
    "w_end": 0.4
  },
  "target_sims": 50,
  "avg_time_hours": 10.437777777777777,
  "std_time_hours": 6.871857441140497,
  "rate_within_10h": 57.99999999999999,
  "rate_within_40h": 98.0
}