{
  "params": {
    "pop_size": 15,
    "max_iter": 40,
    "penalty_coef": 1000,
    "coop_gap": 5,
    "w_end": 0.4
  },
  "target_sims": 50,
  "avg_time_hours": 11.186666666666667,
  "std_time_hours": 7.802166207590311,
  "rate_within_10h": 54.0,
  "rate_within_40h": 96.0
}