{
  "params": {
    "pop_size": 50,
    "max_iter": 40,
    "penalty_coef": 1000,
    "coop_gap": 5,
    "w_end": 0.4
  },
  "target_sims": 50,
  "avg_time_hours": 9.017777777777777,
  "std_time_hours": 6.0373471404108585,
  "rate_within_10h": 64.0,
  "rate_within_40h": 98.0
}