{
  "params": {
    "pop_size": 50,
    "max_iter": 80,
    "penalty_coef": 1000,
    "coop_gap": 5,
    "w_end": 0.4
  },
  "target_sims": 50,
  "avg_time_hours": 10.959999999999999,
  "std_time_hours": 5.533724216448061,
  "rate_within_10h": 50.0,
  "rate_within_40h": 100.0
}