{
  "params": {
    "pop_size": 30,
    "max_iter": 80,
    "penalty_coef": 1000,
    "coop_gap": 5,
    "w_end": 0.4
  },
  "target_sims": 50,
  "avg_time_hours": 9.257777777777777,
  "std_time_hours": 4.369447234582708,
  "rate_within_10h": 70.0,
  "rate_within_40h": 100.0
}