{
  "params": {
    "pop_size": 30,
    "max_iter": 120,
    "penalty_coef": 1000,
    "coop_gap": 5,
    "w_end": 0.4
  },
  "target_sims": 50,
  "avg_time_hours": 20.373333333333335,
  "std_time_hours": 12.288442025228722,
  "rate_within_10h": 26.0,
  "rate_within_40h": 86.0
}