{
  "params": {
    "pop_size": 15,
    "max_iter": 40,
    "penalty_coef": 1000,
    "coop_gap": 5,
    "w_end": 0.4
  },
  "target_sims": 50,
  "avg_time_hours": 17.757777777777775,
  "std_time_hours": 11.071500283092554,
  "rate_within_10h": 30.0,
  "rate_within_40h": 90.0
}