{
  "params": {
    "pop_size": 30,
    "max_iter": 80,
    "penalty_coef": 1000,
    "coop_gap": 5,
    "w_end": 0.4
  },
  "target_sims": 50,
  "avg_time_hours": 19.817777777777778,
  "std_time_hours": 10.508215715851296,
  "rate_within_10h": 14.000000000000002,
  "rate_within_40h": 90.0
}