{
  "params": {
    "pop_size": 50,
    "max_iter": 40,
    "penalty_coef": 1000,
    "coop_gap": 5,
    "w_end": 0.4
  },
  "target_sims": 50,
  "avg_time_hours": 18.99111111111111,
  "std_time_hours": 11.658512282533104,
  "rate_within_10h": 24.0,
  "rate_within_40h": 88.0
}