{
  "params": {
    "pop_size": 30,
    "max_iter": 80,
    "penalty_coef": 1000,
    "coop_gap": 10,
    "w_end": 0.4
  },
  "target_sims": 50,
  "avg_time_hours": 17.646666666666665,
  "std_time_hours": 10.352376479119762,
  "rate_within_10h": 26.0,
  "rate_within_40h": 90.0
}