{
  "params": {
    "pop_size": 30,
    "max_iter": 40,
    "penalty_coef": 1000,
    "coop_gap": 5,
    "w_end": 0.4
  },
  "target_sims": 50,
  "avg_time_hours": 18.52222222222222,
  "std_time_hours": 11.791381033054046,
  "rate_within_10h": 32.0,
  "rate_within_40h": 88.0
}