{
  "params": {
    "pop_size": 15,
    "max_iter": 80,
    "penalty_coef": 1000,
    "coop_gap": 5,
    "w_end": 0.4
  },
  "target_sims": 50,
  "avg_time_hours": 19.317777777777778,
  "std_time_hours": 12.163495477132477,
  "rate_within_10h": 32.0,
  "rate_within_40h": 86.0
}