{
  "params": {
    "pop_size": 50,
    "max_iter": 120,
    "penalty_coef": 1000,
    "coop_gap": 5,
    "w_end": 0.4
  },
  "target_sims": 50,
  "avg_time_hours": 20.857777777777777,
  "std_time_hours": 11.49213450824326,
  "rate_within_10h": 24.0,
  "rate_within_40h": 90.0
}