{
  "K": 1,
  "timestamp": "20260405_011708",
  "algorithm": "CC-MPSO",
  "best_params": {
    "H": 3,
    "pop_size": 25,
    "max_iter": 15,
    "w_start": 0.9273301005196954,
    "w_end": 0.19057299356000593,
    "c1": 1.7950267412247785,
    "c2": 1.1740532913072932,
    "penalty_coef": 1800.170052944527
  },
  "best_value": 24.891111111111112,
  "best_results": {
    "avg_time_hours": 24.891111111111112,
    "avg_steps": 224.02,
    "detection_rate_5h": 10.0,
    "detection_rate_10h": 22.0,
    "detection_rate_15h": 32.0,
    "detection_rate_20h": 44.0,
    "detection_rate_30h": 54.0,
    "detection_rate_40h": 62.0,
    "all_steps": [
      360,
      47,
      296,
      82,
      360,
      37,
      25,
      352,
      360,
      155,
      165,
      131,
      47,
      75,
      360,
      229,
      168,
      34,
      212,
      360,
      161,
      116,
      360,
      107,
      360,
      198,
      136,
      44,
      360,
      360,
      314,
      360,
      195,
      360,
      53,
      360,
      360,
      360,
      360,
      92,
      360,
      324,
      33,
      137,
      238,
      360,
      360,
      360,
      57,
      101
    ]
  }
}