{
  "K": 2,
  "timestamp": "20260405_020346",
  "algorithm": "CC-MPSO",
  "best_params": {
    "H": 4,
    "pop_size": 35,
    "max_iter": 31,
    "w_start": 0.8496646210492591,
    "w_end": 0.1546065241548528,
    "c1": 1.1871934244034432,
    "c2": 0.8697003346018394,
    "penalty_coef": 2665.440364437338
  },
  "best_value": 18.966666666666665,
  "best_results": {
    "avg_time_hours": 18.966666666666665,
    "avg_steps": 170.7,
    "detection_rate_5h": 14.000000000000002,
    "detection_rate_10h": 36.0,
    "detection_rate_15h": 42.0,
    "detection_rate_20h": 60.0,
    "detection_rate_30h": 74.0,
    "detection_rate_40h": 88.0,
    "all_steps": [
      272,
      60,
      189,
      75,
      285,
      42,
      227,
      77,
      150,
      332,
      58,
      79,
      43,
      121,
      184,
      171,
      156,
      31,
      307,
      144,
      32,
      167,
      272,
      252,
      85,
      360,
      360,
      26,
      360,
      163,
      163,
      326,
      98,
      160,
      98,
      204,
      152,
      360,
      360,
      65,
      360,
      78,
      33,
      33,
      234,
      55,
      291,
      77,
      84,
      224
    ]
  }
}