{
  "params": {
    "pop_size": 30,
    "max_iter": 40,
    "penalty_coef": 1000,
    "coop_gap": 5,
    "w_end": 0.4
  },
  "target_sims": 50,
  "avg_time_hours": 8.23111111111111,
  "std_time_hours": 3.5808020344437557,
  "rate_within_10h": 82.0,
  "rate_within_40h": 100.0
}