{
  "params": {
    "pop_size": 30,
    "max_iter": 80,
    "penalty_coef": 2000,
    "coop_gap": 5,
    "w_end": 0.4
  },
  "target_sims": 50,
  "avg_time_hours": 7.786666666666666,
  "std_time_hours": 3.2183762488267815,
  "rate_within_10h": 74.0,
  "rate_within_40h": 100.0
}