{
  "params": {
    "pop_size": 15,
    "max_iter": 120,
    "penalty_coef": 1000,
    "coop_gap": 5,
    "w_end": 0.4
  },
  "target_sims": 50,
  "avg_time_hours": 8.362222222222222,
  "std_time_hours": 4.025462782995757,
  "rate_within_10h": 80.0,
  "rate_within_40h": 100.0
}