{
  "params": {
    "pop_size": 30,
    "max_iter": 80,
    "penalty_coef": 1000,
    "coop_gap": 5,
    "w_end": 0.4
  },
  "target_sims": 50,
  "avg_time_hours": 7.711111111111111,
  "std_time_hours": 2.7083774925174864,
  "rate_within_10h": 80.0,
  "rate_within_40h": 100.0
}