{
  "params": {
    "pop_size": 30,
    "max_iter": 80,
    "penalty_coef": 500,
    "coop_gap": 5,
    "w_end": 0.4
  },
  "target_sims": 50,
  "avg_time_hours": 10.015555555555554,
  "std_time_hours": 5.252677624052539,
  "rate_within_10h": 62.0,
  "rate_within_40h": 100.0
}