{
  "params": {
    "pop_size": 15,
    "max_iter": 80,
    "penalty_coef": 1000,
    "coop_gap": 5,
    "w_end": 0.4
  },
  "target_sims": 50,
  "avg_time_hours": 9.557777777777776,
  "std_time_hours": 4.522562913729557,
  "rate_within_10h": 60.0,
  "rate_within_40h": 100.0
}