{
  "params": {
    "pop_size": 50,
    "max_iter": 40,
    "penalty_coef": 1000,
    "coop_gap": 5,
    "w_end": 0.4
  },
  "target_sims": 50,
  "avg_time_hours": 10.78,
  "std_time_hours": 7.2205635702211595,
  "rate_within_10h": 57.99999999999999,
  "rate_within_40h": 100.0
}