{
  "params": {
    "pop_size": 15,
    "max_iter": 40,
    "penalty_coef": 1000,
    "coop_gap": 5,
    "w_end": 0.4
  },
  "target_sims": 50,
  "avg_time_hours": 9.088888888888889,
  "std_time_hours": 5.090198763976719,
  "rate_within_10h": 66.0,
  "rate_within_40h": 100.0
}