{
  "params": {
    "pop_size": 15,
    "max_iter": 120,
    "penalty_coef": 1000,
    "coop_gap": 5,
    "w_end": 0.4
  },
  "target_sims": 50,
  "avg_time_hours": 8.544444444444444,
  "std_time_hours": 3.9664799209075743,
  "rate_within_10h": 76.0,
  "rate_within_40h": 100.0
}