{
  "params": {
    "pop_size": 30,
    "max_iter": 80,
    "penalty_coef": 1000,
    "coop_gap": 10,
    "w_end": 0.4
  },
  "target_sims": 50,
  "avg_time_hours": 9.748888888888887,
  "std_time_hours": 4.6535163924514995,
  "rate_within_10h": 57.99999999999999,
  "rate_within_40h": 100.0
}