{
  "params": {
    "pop_size": 30,
    "max_iter": 40,
    "penalty_coef": 1000,
    "coop_gap": 5,
    "w_end": 0.4
  },
  "target_sims": 50,
  "avg_time_hours": 8.913333333333332,
  "std_time_hours": 4.217909493318598,
  "rate_within_10h": 70.0,
  "rate_within_40h": 100.0
}