{
  "params": {
    "pop_size": 30,
    "max_iter": 80,
    "penalty_coef": 1000,
    "coop_gap": 5,
    "w_end": 0.4
  },
  "target_sims": 50,
  "avg_time_hours": 22.035555555555554,
  "std_time_hours": 12.535587661720983,
  "rate_within_10h": 22.0,
  "rate_within_40h": 80.0
}