{
  "params": {
    "pop_size": 50,
    "max_iter": 80,
    "penalty_coef": 1000,
    "coop_gap": 5,
    "w_end": 0.4
  },
  "target_sims": 50,
  "avg_time_hours": 28.38222222222222,
  "std_time_hours": 12.60329488567607,
  "rate_within_10h": 12.0,
  "rate_within_40h": 57.99999999999999
}