{
  "params": {
    "pop_size": 30,
    "max_iter": 80,
    "penalty_coef": 1000,
    "coop_gap": 10,
    "w_end": 0.4
  },
  "target_sims": 50,
  "avg_time_hours": 20.85111111111111,
  "std_time_hours": 11.425261376916685,
  "rate_within_10h": 22.0,
  "rate_within_40h": 86.0
}