{
  "params": {
    "pop_size": 15,
    "max_iter": 120,
    "penalty_coef": 1000,
    "coop_gap": 5,
    "w_end": 0.4
  },
  "target_sims": 50,
  "avg_time_hours": 21.21911111111111,
  "std_time_hours": 12.883774471868687,
  "rate_within_10h": 130.0,
  "rate_within_40h": 400.0
}