{
  "params": {
    "pop_size": 50,
    "max_iter": 120,
    "penalty_coef": 1000,
    "coop_gap": 5,
    "w_end": 0.4
  },
  "target_sims": 50,
  "avg_time_hours": 23.064444444444444,
  "std_time_hours": 13.230214018033228,
  "rate_within_10h": 22.0,
  "rate_within_40h": 76.0
}