{
  "params": {
    "pop_size": 30,
    "max_iter": 40,
    "penalty_coef": 1000,
    "coop_gap": 5,
    "w_end": 0.4
  },
  "target_sims": 50,
  "avg_time_hours": 14.848888888888887,
  "std_time_hours": 9.729369055710766,
  "rate_within_10h": 40.0,
  "rate_within_40h": 96.0
}