{
  "params": {
    "pop_size": 50,
    "max_iter": 40,
    "penalty_coef": 1000,
    "coop_gap": 5,
    "w_end": 0.4
  },
  "target_sims": 50,
  "avg_time_hours": 12.164444444444444,
  "std_time_hours": 6.95982261729403,
  "rate_within_10h": 40.0,
  "rate_within_40h": 98.0
}