{
  "params": {
    "pop_size": 15,
    "max_iter": 40,
    "penalty_coef": 1000,
    "coop_gap": 5,
    "w_end": 0.4
  },
  "target_sims": 50,
  "avg_time_hours": 12.115555555555556,
  "std_time_hours": 7.11534457317857,
  "rate_within_10h": 52.0,
  "rate_within_40h": 98.0
}