{
  "params": {
    "pop_size": 30,
    "max_iter": 80,
    "penalty_coef": 1000,
    "coop_gap": 5,
    "w_end": 0.4
  },
  "target_sims": 50,
  "avg_time_hours": 10.933333333333334,
  "std_time_hours": 5.073338686910106,
  "rate_within_10h": 48.0,
  "rate_within_40h": 100.0
}