{
  "params": {
    "pop_size": 30,
    "max_iter": 80,
    "penalty_coef": 2000,
    "coop_gap": 5,
    "w_end": 0.4
  },
  "target_sims": 50,
  "avg_time_hours": 12.975555555555555,
  "std_time_hours": 10.502540315867382,
  "rate_within_10h": 54.0,
  "rate_within_40h": 94.0
}