{
  "params": {
    "pop_size": 50,
    "max_iter": 120,
    "penalty_coef": 1000,
    "coop_gap": 5,
    "w_end": 0.4
  },
  "target_sims": 50,
  "avg_time_hours": 11.84222222222222,
  "std_time_hours": 7.68651504781243,
  "rate_within_10h": 50.0,
  "rate_within_40h": 98.0
}