{
  "params": {
    "pop_size": 30,
    "max_iter": 80,
    "penalty_coef": 500,
    "coop_gap": 5,
    "w_end": 0.4
  },
  "target_sims": 50,
  "avg_time_hours": 13.108888888888888,
  "std_time_hours": 7.775475532280094,
  "rate_within_10h": 40.0,
  "rate_within_40h": 100.0
}