{
  "K": 7,
  "params": {
    "pop_size": 30,
    "max_iter": 120,
    "penalty_coef": 1000,
    "coop_gap": 5,
    "w_end": 0.4
  },
  "target_sims": 50,
  "avg_time_hours": 10.057777777777776,
  "std_time_hours": 5.582169143413608,
  "rate_within_10h": 57.99999999999999,
  "rate_within_40h": 100.0
}