{
  "K": 2,
  "params": {
    "pop_size": 30,
    "max_iter": 80,
    "penalty_coef": 1000,
    "coop_gap": 5,
    "w_end": 0.4
  },
  "target_sims": 50,
  "avg_time_hours": 23.084444444444443,
  "std_time_hours": 12.745438496542038,
  "rate_within_10h": 16.0,
  "rate_within_40h": 80.0
}