{
  "K": 7,
  "params": {
    "pop_size": 15,
    "max_iter": 120,
    "penalty_coef": 1000,
    "coop_gap": 5,
    "w_end": 0.4
  },
  "target_sims": 50,
  "avg_time_hours": 12.088888888888889,
  "std_time_hours": 7.190391393732453,
  "rate_within_10h": 48.0,
  "rate_within_40h": 100.0
}