{
  "K": 2,
  "params": {
    "pop_size": 30,
    "max_iter": 40,
    "penalty_coef": 1000,
    "coop_gap": 5,
    "w_end": 0.4
  },
  "target_sims": 50,
  "avg_time_hours": 22.666666666666664,
  "std_time_hours": 12.41301586895638,
  "rate_within_10h": 18.0,
  "rate_within_40h": 80.0
}