{
  "K": 7,
  "params": {
    "pop_size": 30,
    "max_iter": 40,
    "penalty_coef": 1000,
    "coop_gap": 5,
    "w_end": 0.4
  },
  "target_sims": 50,
  "avg_time_hours": 11.508888888888889,
  "std_time_hours": 8.144894333489152,
  "rate_within_10h": 62.0,
  "rate_within_40h": 98.0
}