{
  "params": {
    "pop_size": 50,
    "max_iter": 120,
    "penalty_coef": 1000,
    "coop_gap": 5,
    "w_end": 0.4
  },
  "target_sims": 50,
  "avg_time_hours": 8.128888888888888,
  "std_time_hours": 4.1522482382558445,
  "rate_within_10h": 72.0,
  "rate_within_40h": 100.0
}