{
  "params": {
    "pop_size": 50,
    "max_iter": 80,
    "penalty_coef": 1000,
    "coop_gap": 5,
    "w_end": 0.4
  },
  "target_sims": 50,
  "avg_time_hours": 8.831111111111111,
  "std_time_hours": 4.38055411118133,
  "rate_within_10h": 74.0,
  "rate_within_40h": 100.0
}