{
  "params": {
    "pop_size": 30,
    "max_iter": 80,
    "penalty_coef": 2000,
    "coop_gap": 5,
    "w_end": 0.4
  },
  "target_sims": 50,
  "avg_time_hours": 8.615555555555556,
  "std_time_hours": 3.6555528537646214,
  "rate_within_10h": 68.0,
  "rate_within_40h": 100.0
}