{
  "params": {
    "pop_size": 50,
    "max_iter": 40,
    "penalty_coef": 1000,
    "coop_gap": 5,
    "w_end": 0.4
  },
  "target_sims": 50,
  "avg_time_hours": 8.366666666666665,
  "std_time_hours": 4.723738318715772,
  "rate_within_10h": 76.0,
  "rate_within_40h": 100.0
}