{
  "params": {
    "pop_size": 30,
    "max_iter": 80,
    "penalty_coef": 1000,
    "coop_gap": 5,
    "w_end": 0.4
  },
  "target_sims": 50,
  "avg_time_hours": 11.248888888888887,
  "std_time_hours": 6.7408304430335875,
  "rate_within_10h": 56.00000000000001,
  "rate_within_40h": 100.0
}