{
  "params": {
    "pop_size": 30,
    "max_iter": 80,
    "penalty_coef": 500,
    "coop_gap": 5,
    "w_end": 0.4
  },
  "target_sims": 50,
  "avg_time_hours": 11.022222222222222,
  "std_time_hours": 6.086414744695307,
  "rate_within_10h": 52.0,
  "rate_within_40h": 98.0
}