{
  "params": {
    "pop_size": 30,
    "max_iter": 80,
    "penalty_coef": 2000,
    "coop_gap": 5,
    "w_end": 0.4
  },
  "target_sims": 50,
  "avg_time_hours": 11.631111111111112,
  "std_time_hours": 6.632856487606617,
  "rate_within_10h": 46.0,
  "rate_within_40h": 100.0
}