{
  "params": {
    "pop_size": 30,
    "max_iter": 40,
    "penalty_coef": 1000,
    "coop_gap": 5,
    "w_end": 0.4
  },
  "target_sims": 50,
  "avg_time_hours": 9.68,
  "std_time_hours": 6.364393233810109,
  "rate_within_10h": 57.99999999999999,
  "rate_within_40h": 100.0
}