{
  "params": {
    "pop_size": 15,
    "max_iter": 120,
    "penalty_coef": 1000,
    "coop_gap": 5,
    "w_end": 0.4
  },
  "target_sims": 50,
  "avg_time_hours": 13.284444444444444,
  "std_time_hours": 7.962633722737039,
  "rate_within_10h": 42.0,
  "rate_within_40h": 100.0
}