{
  "params": {
    "pop_size": 30,
    "max_iter": 120,
    "penalty_coef": 1000,
    "coop_gap": 5,
    "w_end": 0.4
  },
  "target_sims": 50,
  "avg_time_hours": 12.442222222222222,
  "std_time_hours": 6.673274133011544,
  "rate_within_10h": 46.0,
  "rate_within_40h": 100.0
}