{
  "params": {
    "pop_size": 30,
    "max_iter": 120,
    "penalty_coef": 1000,
    "coop_gap": 5,
    "w_end": 0.4
  },
  "target_sims": 50,
  "avg_time_hours": 9.03111111111111,
  "std_time_hours": 4.950722107199721,
  "rate_within_10h": 76.0,
  "rate_within_40h": 100.0
}