{
  "params": {
    "pop_size": 30,
    "max_iter": 80,
    "penalty_coef": 2000,
    "coop_gap": 5,
    "w_end": 0.4
  },
  "target_sims": 50,
  "avg_time_hours": 8.804444444444444,
  "std_time_hours": 4.0189403431105415,
  "rate_within_10h": 72.0,
  "rate_within_40h": 100.0
}