{
  "params": {
    "pop_size": 30,
    "max_iter": 80,
    "penalty_coef": 500,
    "coop_gap": 5,
    "w_end": 0.4
  },
  "target_sims": 50,
  "avg_time_hours": 9.733333333333333,
  "std_time_hours": 4.462574133976327,
  "rate_within_10h": 72.0,
  "rate_within_40h": 100.0
}