{
  "params": {
    "pop_size": 50,
    "max_iter": 120,
    "penalty_coef": 1000,
    "coop_gap": 5,
    "w_end": 0.4
  },
  "target_sims": 50,
  "avg_time_hours": 8.879999999999999,
  "std_time_hours": 4.023930883239226,
  "rate_within_10h": 72.0,
  "rate_within_40h": 100.0
}