{
  "params": {
    "pop_size": 50,
    "max_iter": 40,
    "penalty_coef": 1000,
    "coop_gap": 5,
    "w_end": 0.4
  },
  "target_sims": 50,
  "avg_time_hours": 9.793333333333333,
  "std_time_hours": 4.624839536755923,
  "rate_within_10h": 62.0,
  "rate_within_40h": 100.0
}