{
  "params": {
    "pop_size": 30,
    "max_iter": 80,
    "penalty_coef": 1000,
    "coop_gap": 10,
    "w_end": 0.4
  },
  "target_sims": 50,
  "avg_time_hours": 7.5666666666666655,
  "std_time_hours": 2.9101991786232193,
  "rate_within_10h": 84.0,
  "rate_within_40h": 100.0
}