{
  "params": {
    "pop_size": 15,
    "max_iter": 40,
    "penalty_coef": 1000,
    "coop_gap": 5,
    "w_end": 0.4
  },
  "target_sims": 50,
  "avg_time_hours": 9.335555555555555,
  "std_time_hours": 4.770251953901775,
  "rate_within_10h": 64.0,
  "rate_within_40h": 100.0
}