{
  "params": {
    "pop_size": 50,
    "max_iter": 120,
    "penalty_coef": 1000,
    "coop_gap": 5,
    "w_end": 0.4
  },
  "target_sims": 50,
  "avg_time_hours": 7.771111111111111,
  "std_time_hours": 2.805234084992719,
  "rate_within_10h": 76.0,
  "rate_within_40h": 100.0
}