{
  "params": {
    "pop_size": 50,
    "max_iter": 80,
    "penalty_coef": 1000,
    "coop_gap": 5,
    "w_end": 0.4
  },
  "target_sims": 50,
  "avg_time_hours": 7.257777777777776,
  "std_time_hours": 2.558494927940311,
  "rate_within_10h": 86.0,
  "rate_within_40h": 100.0
}