{
  "params": {
    "pop_size": 30,
    "max_iter": 80,
    "penalty_coef": 500,
    "coop_gap": 5,
    "w_end": 0.4
  },
  "target_sims": 50,
  "avg_time_hours": 7.415555555555555,
  "std_time_hours": 3.4883800053503906,
  "rate_within_10h": 80.0,
  "rate_within_40h": 100.0
}