{
  "K": 3,
  "timestamp": "20260405_032105",
  "algorithm": "CC-MPSO",
  "best_params": {
    "H": 3,
    "pop_size": 27,
    "max_iter": 21,
    "w_start": 0.9298236453887718,
    "w_end": 0.21253869438484826,
    "c1": 1.1315848274557079,
    "c2": 1.1368071517644387,
    "penalty_coef": 1049.3428533171289
  },
  "best_value": 13.297777777777778,
  "best_results": {
    "avg_time_hours": 13.297777777777778,
    "avg_steps": 119.68,
    "detection_rate_5h": 14.000000000000002,
    "detection_rate_10h": 54.0,
    "detection_rate_15h": 72.0,
    "detection_rate_20h": 80.0,
    "detection_rate_30h": 88.0,
    "detection_rate_40h": 96.0,
    "all_steps": [
      33,
      45,
      111,
      241,
      50,
      305,
      298,
      358,
      146,
      112,
      45,
      89,
      38,
      60,
      52,
      49,
      103,
      36,
      53,
      115,
      147,
      102,
      254,
      114,
      88,
      106,
      92,
      25,
      52,
      49,
      140,
      89,
      71,
      85,
      57,
      81,
      68,
      360,
      59,
      196,
      91,
      324,
      35,
      30,
      167,
      41,
      360,
      49,
      75,
      238
    ]
  }
}