{
  "params": {
    "pop_size": 50,
    "max_iter": 40,
    "penalty_coef": 1000,
    "coop_gap": 5,
    "w_end": 0.4
  },
  "target_sims": 50,
  "avg_time_hours": 8.593333333333334,
  "std_time_hours": 5.285695114127012,
  "rate_within_10h": 74.0,
  "rate_within_40h": 100.0
}