{
  "params": {
    "pop_size": 30,
    "max_iter": 80,
    "penalty_coef": 1000,
    "coop_gap": 10,
    "w_end": 0.4
  },
  "target_sims": 50,
  "avg_time_hours": 8.722222222222221,
  "std_time_hours": 5.248974032614538,
  "rate_within_10h": 78.0,
  "rate_within_40h": 100.0
}