{
  "role": "master",
  "timestamp": "20260404_000520",
  "best_params": {
    "H": 5,
    "pop_size": 20,
    "max_iter": 23,
    "w_start": 0.8496646210492591,
    "w_end": 0.24680559213273096,
    "c1": 1.1559945203362028,
    "c2": 1.0580836121681996,
    "penalty_coef": 2665.440364437338
  },
  "best_value": 10.222222222222221,
  "trials": [
    {
      "trial_number": 0,
      "params": {
        "H": 5,
        "pop_size": 20,
        "max_iter": 23,
        "w_start": 0.8496646210492591,
        "w_end": 0.24680559213273096,
        "c1": 1.1559945203362028,
        "c2": 1.0580836121681996,
        "penalty_coef": 2665.440364437338,
        "use_pso": true
      },
      "results": {
        "avg_time_hours": 10.222222222222221,
        "detection_rate_10h": 60.0,
        "detection_rate_40h": 100.0,
        "all_steps": [
          78,
          41,
          214,
          94,
          126,
          50,
          24,
          70,
          153,
          82,
          55,
          123,
          33,
          79,
          98,
          89,
          58,
          28,
          48,
          169,
          135,
          235,
          74,
          104,
          83,
          72,
          99,
          26,
          174,
          46
        ]
      },
      "elapsed": 140.0899212360382
    },
    {
      "trial_number": 1,
      "params": {
        "H": 7,
        "pop_size": 17,
        "max_iter": 15,
        "w_start": 0.9424774630404985,
        "w_end": 0.4497327922401265,
        "c1": 1.2123391106782762,
        "c2": 1.1818249672071006,
        "penalty_coef": 958.5112746335845,
        "use_pso": true
      },
      "results": {
        "avg_time_hours": 12.803703703703704,
        "detection_rate_10h": 46.666666666666664,
        "detection_rate_40h": 100.0,
        "all_steps": [
          26,
          305,
          64,
          122,
          74,
          136,
          24,
          59,
          81,
          136,
          82,
          127,
          319,
          102,
          191,
          36,
          197,
          28,
          230,
          66,
          65,
          196,
          49,
          109,
          122,
          112,
          98,
          25,
          226,
          50
        ]
      },
      "elapsed": 103.88835167884827
    }
  ],
  "search_space": {
    "H": {
      "type": "int",
      "low": 4,
      "high": 8,
      "step": 1
    },
    "pop_size": {
      "type": "int",
      "low": 10,
      "high": 20,
      "step": 1
    },
    "max_iter": {
      "type": "int",
      "low": 15,
      "high": 25,
      "step": 1
    },
    "w_start": {
      "type": "float",
      "low": 0.7,
      "high": 0.95
    },
    "w_end": {
      "type": "float",
      "low": 0.2,
      "high": 0.5
    },
    "c1": {
      "type": "float",
      "low": 1.0,
      "high": 2.0
    },
    "c2": {
      "type": "float",
      "low": 1.0,
      "high": 2.0
    },
    "penalty_coef": {
      "type": "float",
      "low": 500,
      "high": 3000
    }
  }
}