{
  "role": "master",
  "timestamp": "20260403_234521",
  "best_params": {
    "H": 5,
    "penalty_coef": 889.9863008405066
  },
  "best_value": 27.20222222222222,
  "trials": [
    {
      "trial_number": 0,
      "params": {
        "H": 6,
        "penalty_coef": 2876.7857660247905
      },
      "results": {
        "avg_time_hours": 30.90222222222222,
        "detection_rate_10h": 8.0,
        "detection_rate_40h": 48.0,
        "all_steps": [
          360,
          197,
          349,
          59,
          360,
          360,
          360,
          360,
          360,
          73,
          360,
          128,
          360,
          70,
          360,
          360,
          360,
          360,
          360,
          342,
          360,
          360,
          127,
          233,
          71,
          104,
          360,
          360,
          221,
          259,
          360,
          283,
          166,
          335,
          360,
          360,
          360,
          360,
          164,
          137,
          276,
          230,
          163,
          360,
          221,
          133,
          205,
          360,
          360,
          360
        ]
      },
      "elapsed": 8.481305360794067
    },
    {
      "trial_number": 1,
      "params": {
        "H": 9,
        "penalty_coef": 1996.6462104925915
      },
      "results": {
        "avg_time_hours": 29.346666666666664,
        "detection_rate_10h": 16.0,
        "detection_rate_40h": 48.0,
        "all_steps": [
          360,
          234,
          276,
          360,
          360,
          360,
          360,
          360,
          65,
          360,
          76,
          92,
          360,
          360,
          122,
          215,
          360,
          360,
          360,
          295,
          45,
          86,
          360,
          360,
          119,
          360,
          360,
          34,
          188,
          230,
          360,
          360,
          321,
          213,
          81,
          360,
          118,
          360,
          360,
          360,
          110,
          360,
          194,
          360,
          323,
          360,
          261,
          360,
          86,
          62
        ]
      },
      "elapsed": 8.272657871246338
    },
    {
      "trial_number": 2,
      "params": {
        "H": 5,
        "penalty_coef": 889.9863008405066
      },
      "results": {
        "avg_time_hours": 27.20222222222222,
        "detection_rate_10h": 20.0,
        "detection_rate_40h": 57.99999999999999,
        "all_steps": [
          360,
          180,
          188,
          88,
          99,
          360,
          360,
          183,
          95,
          360,
          57,
          70,
          360,
          360,
          360,
          360,
          188,
          360,
          42,
          360,
          360,
          269,
          360,
          360,
          82,
          360,
          360,
          30,
          246,
          360,
          360,
          360,
          301,
          272,
          86,
          264,
          360,
          154,
          209,
          63,
          309,
          84,
          40,
          226,
          168,
          244,
          244,
          200,
          360,
          360
        ]
      },
      "elapsed": 7.8229591846466064
    }
  ],
  "search_space": {
    "H": {
      "type": "int",
      "low": 4,
      "high": 10,
      "step": 1
    },
    "penalty_coef": {
      "type": "float",
      "low": 500,
      "high": 3000
    }
  }
}