{
  "K": 3,
  "timestamp": "20260405_001530",
  "best_params": {
    "H": 5,
    "pop_size": 28,
    "max_iter": 24,
    "w_start": 0.9005492451885099,
    "w_end": 0.12236519310393126,
    "c1": 2.1842643239206208,
    "c2": 1.726693723155989,
    "penalty_coef": 378.2019541478414
  },
  "best_value": 15.217777777777778,
  "best_results": {
    "avg_time_hours": 15.217777777777778,
    "detection_rate_5h": 12.0,
    "detection_rate_10h": 40.0,
    "detection_rate_15h": 56.00000000000001,
    "detection_rate_20h": 72.0,
    "detection_rate_30h": 88.0,
    "detection_rate_40h": 96.0,
    "all_steps": [
      262,
      303,
      43,
      110,
      153,
      319,
      26,
      42,
      153,
      90,
      131,
      116,
      197,
      68,
      75,
      185,
      57,
      189,
      67,
      123,
      360,
      113,
      270,
      82,
      102,
      97,
      62,
      26,
      254,
      32,
      161,
      53,
      67,
      152,
      65,
      72,
      50,
      145,
      244,
      146,
      62,
      76,
      184,
      33,
      179,
      360,
      50,
      288,
      139,
      215
    ],
    "all_times": [
      29.11111111111111,
      33.666666666666664,
      4.777777777777778,
      12.222222222222221,
      17.0,
      35.44444444444444,
      2.888888888888889,
      4.666666666666666,
      17.0,
      10.0,
      14.555555555555555,
      12.888888888888888,
      21.88888888888889,
      7.555555555555555,
      8.333333333333332,
      20.555555555555554,
      6.333333333333333,
      21.0,
      7.444444444444444,
      13.666666666666666,
      40.0,
      12.555555555555555,
      30.0,
      9.11111111111111,
      11.333333333333332,
      10.777777777777777,
      6.888888888888888,
      2.888888888888889,
      28.22222222222222,
      3.5555555555555554,
      17.88888888888889,
      5.888888888888888,
      7.444444444444444,
      16.88888888888889,
      7.222222222222221,
      8.0,
      5.555555555555555,
      16.11111111111111,
      27.11111111111111,
      16.22222222222222,
      6.888888888888888,
      8.444444444444445,
      20.444444444444443,
      3.6666666666666665,
      19.88888888888889,
      40.0,
      5.555555555555555,
      32.0,
      15.444444444444443,
      23.88888888888889
    ]
  }
}