{
  "params": {
    "pop_size": 30,
    "max_iter": 40,
    "penalty_coef": 1000,
    "coop_gap": 5,
    "w_end": 0.4
  },
  "target_sims": 50,
  "avg_time_hours": 8.193333333333332,
  "std_time_hours": 3.2465601929457204,
  "rate_within_10h": 78.0,
  "rate_within_40h": 100.0
}