{
  "params": {
    "pop_size": 15,
    "max_iter": 40,
    "penalty_coef": 1000,
    "coop_gap": 5,
    "w_end": 0.4
  },
  "target_sims": 50,
  "avg_time_hours": 7.522222222222222,
  "std_time_hours": 2.023473361436825,
  "rate_within_10h": 88.0,
  "rate_within_40h": 100.0
}