{
  "params": {
    "pop_size": 30,
    "max_iter": 80,
    "penalty_coef": 1000,
    "coop_gap": 5,
    "w_end": 0.4
  },
  "target_sims": 50,
  "avg_time_hours": 16.39777777777778,
  "std_time_hours": 10.025229654707646,
  "rate_within_10h": 38.0,
  "rate_within_40h": 100.0
}