{
  "params": {
    "pop_size": 15,
    "max_iter": 80,
    "penalty_coef": 1000,
    "coop_gap": 5,
    "w_end": 0.4
  },
  "target_sims": 50,
  "avg_time_hours": 16.437777777777775,
  "std_time_hours": 11.325758034751066,
  "rate_within_10h": 38.0,
  "rate_within_40h": 94.0
}