{
  "params": {
    "pop_size": 30,
    "max_iter": 80,
    "penalty_coef": 2000,
    "coop_gap": 5,
    "w_end": 0.4
  },
  "target_sims": 50,
  "avg_time_hours": 16.448888888888888,
  "std_time_hours": 9.769338782482341,
  "rate_within_10h": 22.0,
  "rate_within_40h": 96.0
}