{
  "params": {
    "pop_size": 50,
    "max_iter": 120,
    "penalty_coef": 1000,
    "coop_gap": 5,
    "w_end": 0.4
  },
  "target_sims": 50,
  "avg_time_hours": 14.562222222222221,
  "std_time_hours": 9.667494472856761,
  "rate_within_10h": 36.0,
  "rate_within_40h": 96.0
}