{
  "params": {
    "pop_size": 30,
    "max_iter": 120,
    "penalty_coef": 1000,
    "coop_gap": 5,
    "w_end": 0.4
  },
  "target_sims": 50,
  "avg_time_hours": 13.799999999999999,
  "std_time_hours": 9.59578096590783,
  "rate_within_10h": 44.0,
  "rate_within_40h": 96.0
}