{
  "params": {
    "pop_size": 15,
    "max_iter": 40,
    "penalty_coef": 1000,
    "coop_gap": 5,
    "w_end": 0.4
  },
  "target_sims": 50,
  "avg_time_hours": 14.842222222222222,
  "std_time_hours": 9.862213459512406,
  "rate_within_10h": 44.0,
  "rate_within_40h": 98.0
}