{
  "params": {
    "pop_size": 15,
    "max_iter": 120,
    "penalty_coef": 1000,
    "coop_gap": 5,
    "w_end": 0.4
  },
  "target_sims": 50,
  "avg_time_hours": 15.266666666666666,
  "std_time_hours": 8.964924792947784,
  "rate_within_10h": 34.0,
  "rate_within_40h": 96.0
}